{"accuracy": [0.1680161952972412, 0.28947368264198303, 0.45951417088508606, 0.5506072640419006, 0.6133603453636169, 0.7085019946098328, 0.76113361120224, 0.7510121464729309, 0.8360323905944824, 0.8461538553237915, 0.8502024412155151, 0.8582996129989624, 0.8643724918365479, 0.9048582911491394, 0.876518189907074], "loss": [2.664930582046509, 2.069213628768921, 1.5826579332351685, 1.3229246139526367, 1.0752906799316406, 0.8304949998855591, 0.776921272277832, 0.7593794465065002, 0.5949378609657288, 0.5232362151145935, 0.5068812370300293, 0.45891308784484863, 0.4242505729198456, 0.3809574842453003, 0.40861183404922485], "val_accuracy": [0.2916666567325592, 0.4166666567325592, 0.5416666865348816, 0.6166666746139526, 0.6916666626930237, 0.7666666507720947, 0.7583333253860474, 0.7833333611488342, 0.8333333134651184, 0.8583333492279053, 0.8500000238418579, 0.7666666507720947, 0.8416666388511658, 0.8999999761581421, 0.8166666626930237], "val_loss": [1.983944296836853, 1.6559391021728516, 1.3771215677261353, 1.2352927923202515, 1.1007267236709595, 0.9345178604125977, 0.8483177423477173, 0.824928343296051, 0.753311812877655, 0.6519060730934143, 0.6393172740936279, 0.7072094082832336, 0.5707705020904541, 0.5049659609794617, 0.5583899021148682]}